--
-- PostgreSQL database dump
--

-- Dumped from database version 12.9 (Ubuntu 12.9-2.pgdg20.04+1)
-- Dumped by pg_dump version 12.9 (Ubuntu 12.9-2.pgdg20.04+1)

SET statement_timeout = 0;
SET lock_timeout = 0;
SET idle_in_transaction_session_timeout = 0;
SET client_encoding = 'UTF8';
SET standard_conforming_strings = on;
SELECT pg_catalog.set_config('search_path', '', false);
SET check_function_bodies = false;
SET xmloption = content;
SET client_min_messages = warning;
SET row_security = off;

DROP DATABASE universe;
--
-- Name: universe; Type: DATABASE; Schema: -; Owner: freecodecamp
--

CREATE DATABASE universe WITH TEMPLATE = template0 ENCODING = 'UTF8' LC_COLLATE = 'C.UTF-8' LC_CTYPE = 'C.UTF-8';


ALTER DATABASE universe OWNER TO freecodecamp;

\connect universe

SET statement_timeout = 0;
SET lock_timeout = 0;
SET idle_in_transaction_session_timeout = 0;
SET client_encoding = 'UTF8';
SET standard_conforming_strings = on;
SELECT pg_catalog.set_config('search_path', '', false);
SET check_function_bodies = false;
SET xmloption = content;
SET client_min_messages = warning;
SET row_security = off;

SET default_tablespace = '';

SET default_table_access_method = heap;

--
-- Name: galaxy; Type: TABLE; Schema: public; Owner: freecodecamp
--

CREATE TABLE public.galaxy (
    galaxy_id bigint NOT NULL,
    name character varying(50) NOT NULL,
    description text,
    diameter_in_thousands_of_parsecs numeric(7,2),
    distance_in_millions_of_parsecs numeric(7,2),
    format character varying(10),
    is_visible_from_naked_eyes boolean,
    number_in_billions_of_stars integer
);


ALTER TABLE public.galaxy OWNER TO freecodecamp;

--
-- Name: galaxy_galaxy_id_seq; Type: SEQUENCE; Schema: public; Owner: freecodecamp
--

CREATE SEQUENCE public.galaxy_galaxy_id_seq
    START WITH 1
    INCREMENT BY 1
    NO MINVALUE
    NO MAXVALUE
    CACHE 1;


ALTER TABLE public.galaxy_galaxy_id_seq OWNER TO freecodecamp;

--
-- Name: galaxy_galaxy_id_seq; Type: SEQUENCE OWNED BY; Schema: public; Owner: freecodecamp
--

ALTER SEQUENCE public.galaxy_galaxy_id_seq OWNED BY public.galaxy.galaxy_id;


--
-- Name: moon; Type: TABLE; Schema: public; Owner: freecodecamp
--

CREATE TABLE public.moon (
    moon_id bigint NOT NULL,
    name character varying(50) NOT NULL,
    description text,
    diameter_in_km integer,
    year_of_discovery integer,
    planet_id integer
);


ALTER TABLE public.moon OWNER TO freecodecamp;

--
-- Name: moon_moon_id_seq; Type: SEQUENCE; Schema: public; Owner: freecodecamp
--

CREATE SEQUENCE public.moon_moon_id_seq
    START WITH 1
    INCREMENT BY 1
    NO MINVALUE
    NO MAXVALUE
    CACHE 1;


ALTER TABLE public.moon_moon_id_seq OWNER TO freecodecamp;

--
-- Name: moon_moon_id_seq; Type: SEQUENCE OWNED BY; Schema: public; Owner: freecodecamp
--

ALTER SEQUENCE public.moon_moon_id_seq OWNED BY public.moon.moon_id;


--
-- Name: nebula; Type: TABLE; Schema: public; Owner: freecodecamp
--

CREATE TABLE public.nebula (
    nebula_id bigint NOT NULL,
    name character varying(50) NOT NULL,
    diameter_in_parsecs integer,
    galaxy_id integer
);


ALTER TABLE public.nebula OWNER TO freecodecamp;

--
-- Name: nebula_nebula_id_seq; Type: SEQUENCE; Schema: public; Owner: freecodecamp
--

CREATE SEQUENCE public.nebula_nebula_id_seq
    START WITH 1
    INCREMENT BY 1
    NO MINVALUE
    NO MAXVALUE
    CACHE 1;


ALTER TABLE public.nebula_nebula_id_seq OWNER TO freecodecamp;

--
-- Name: nebula_nebula_id_seq; Type: SEQUENCE OWNED BY; Schema: public; Owner: freecodecamp
--

ALTER SEQUENCE public.nebula_nebula_id_seq OWNED BY public.nebula.nebula_id;


--
-- Name: planet; Type: TABLE; Schema: public; Owner: freecodecamp
--

CREATE TABLE public.planet (
    planet_id bigint NOT NULL,
    name character varying(50) NOT NULL,
    description text,
    distance_from_sun_in_au numeric(3,2),
    type character varying(14),
    star_id integer
);


ALTER TABLE public.planet OWNER TO freecodecamp;

--
-- Name: planet_planet_id_seq; Type: SEQUENCE; Schema: public; Owner: freecodecamp
--

CREATE SEQUENCE public.planet_planet_id_seq
    START WITH 1
    INCREMENT BY 1
    NO MINVALUE
    NO MAXVALUE
    CACHE 1;


ALTER TABLE public.planet_planet_id_seq OWNER TO freecodecamp;

--
-- Name: planet_planet_id_seq; Type: SEQUENCE OWNED BY; Schema: public; Owner: freecodecamp
--

ALTER SEQUENCE public.planet_planet_id_seq OWNED BY public.planet.planet_id;


--
-- Name: star; Type: TABLE; Schema: public; Owner: freecodecamp
--

CREATE TABLE public.star (
    star_id bigint NOT NULL,
    name character varying(50) NOT NULL,
    description text,
    distance_in_parsecs integer,
    is_visible_from_naked_eyes boolean,
    galaxy_id integer
);


ALTER TABLE public.star OWNER TO freecodecamp;

--
-- Name: star_star_id_seq; Type: SEQUENCE; Schema: public; Owner: freecodecamp
--

CREATE SEQUENCE public.star_star_id_seq
    START WITH 1
    INCREMENT BY 1
    NO MINVALUE
    NO MAXVALUE
    CACHE 1;


ALTER TABLE public.star_star_id_seq OWNER TO freecodecamp;

--
-- Name: star_star_id_seq; Type: SEQUENCE OWNED BY; Schema: public; Owner: freecodecamp
--

ALTER SEQUENCE public.star_star_id_seq OWNED BY public.star.star_id;


--
-- Name: galaxy galaxy_id; Type: DEFAULT; Schema: public; Owner: freecodecamp
--

ALTER TABLE ONLY public.galaxy ALTER COLUMN galaxy_id SET DEFAULT nextval('public.galaxy_galaxy_id_seq'::regclass);


--
-- Name: moon moon_id; Type: DEFAULT; Schema: public; Owner: freecodecamp
--

ALTER TABLE ONLY public.moon ALTER COLUMN moon_id SET DEFAULT nextval('public.moon_moon_id_seq'::regclass);


--
-- Name: nebula nebula_id; Type: DEFAULT; Schema: public; Owner: freecodecamp
--

ALTER TABLE ONLY public.nebula ALTER COLUMN nebula_id SET DEFAULT nextval('public.nebula_nebula_id_seq'::regclass);


--
-- Name: planet planet_id; Type: DEFAULT; Schema: public; Owner: freecodecamp
--

ALTER TABLE ONLY public.planet ALTER COLUMN planet_id SET DEFAULT nextval('public.planet_planet_id_seq'::regclass);


--
-- Name: star star_id; Type: DEFAULT; Schema: public; Owner: freecodecamp
--

ALTER TABLE ONLY public.star ALTER COLUMN star_id SET DEFAULT nextval('public.star_star_id_seq'::regclass);


--
-- Data for Name: galaxy; Type: TABLE DATA; Schema: public; Owner: freecodecamp
--

INSERT INTO public.galaxy VALUES (1, 'Milky Way', 'Our galaxy', 30.00, 0.00, 'Spiral', true, 400);
INSERT INTO public.galaxy VALUES (2, 'Andromeda', 'Our neighbor', 53.00, 0.75, 'Spiral', true, 1000);
INSERT INTO public.galaxy VALUES (3, 'M 87', NULL, NULL, NULL, NULL, NULL, NULL);
INSERT INTO public.galaxy VALUES (4, 'Sombrero', NULL, NULL, NULL, NULL, NULL, NULL);
INSERT INTO public.galaxy VALUES (5, 'Centaurus A', NULL, NULL, NULL, NULL, NULL, NULL);
INSERT INTO public.galaxy VALUES (6, 'Triangulum', NULL, NULL, NULL, NULL, NULL, NULL);


--
-- Data for Name: moon; Type: TABLE DATA; Schema: public; Owner: freecodecamp
--

INSERT INTO public.moon VALUES (1, 'Moon', NULL, NULL, NULL, 1);
INSERT INTO public.moon VALUES (2, 'Deimos', NULL, NULL, NULL, 4);
INSERT INTO public.moon VALUES (3, 'Europa', NULL, NULL, NULL, 5);
INSERT INTO public.moon VALUES (4, 'Ganymede', NULL, NULL, NULL, 5);
INSERT INTO public.moon VALUES (5, 'Io', NULL, NULL, NULL, 5);
INSERT INTO public.moon VALUES (6, 'Callisto', NULL, NULL, NULL, 5);
INSERT INTO public.moon VALUES (7, 'Titan', NULL, NULL, NULL, 6);
INSERT INTO public.moon VALUES (8, 'Encedalus', NULL, NULL, NULL, 6);
INSERT INTO public.moon VALUES (10, 'Phobos', NULL, NULL, NULL, 4);
INSERT INTO public.moon VALUES (11, 'Mimas', NULL, NULL, NULL, 6);
INSERT INTO public.moon VALUES (12, 'Pandora', NULL, NULL, NULL, 6);
INSERT INTO public.moon VALUES (13, 'Hyperion', NULL, NULL, NULL, 6);
INSERT INTO public.moon VALUES (14, 'Rhea', NULL, NULL, NULL, 6);
INSERT INTO public.moon VALUES (15, 'Dione', NULL, NULL, NULL, 6);
INSERT INTO public.moon VALUES (16, 'Tethys', NULL, NULL, NULL, 6);
INSERT INTO public.moon VALUES (9, 'Triton', NULL, NULL, NULL, 8);
INSERT INTO public.moon VALUES (17, 'Iapetus', NULL, NULL, NULL, 6);
INSERT INTO public.moon VALUES (18, 'Umbriel', NULL, NULL, NULL, 7);
INSERT INTO public.moon VALUES (19, 'Ariel', NULL, NULL, NULL, 7);
INSERT INTO public.moon VALUES (20, 'Miranda', NULL, NULL, NULL, 7);
INSERT INTO public.moon VALUES (21, 'Oberon', NULL, NULL, NULL, 7);


--
-- Data for Name: nebula; Type: TABLE DATA; Schema: public; Owner: freecodecamp
--

INSERT INTO public.nebula VALUES (1, 'Orion Nebula', NULL, 1);
INSERT INTO public.nebula VALUES (2, 'Helix Nebula', NULL, 1);
INSERT INTO public.nebula VALUES (3, 'Crab Nebula', NULL, 1);


--
-- Data for Name: planet; Type: TABLE DATA; Schema: public; Owner: freecodecamp
--

INSERT INTO public.planet VALUES (1, 'Earth', NULL, NULL, NULL, 1);
INSERT INTO public.planet VALUES (2, 'Mercury', NULL, NULL, NULL, 1);
INSERT INTO public.planet VALUES (3, 'Venus', NULL, NULL, NULL, 1);
INSERT INTO public.planet VALUES (4, 'Mars', NULL, NULL, NULL, 1);
INSERT INTO public.planet VALUES (5, 'Jupyter', NULL, NULL, NULL, 1);
INSERT INTO public.planet VALUES (6, 'Saturn', NULL, NULL, NULL, 1);
INSERT INTO public.planet VALUES (7, 'Uranus', NULL, NULL, NULL, 1);
INSERT INTO public.planet VALUES (9, 'Proxima b', NULL, NULL, NULL, 2);
INSERT INTO public.planet VALUES (10, 'Proxima c', NULL, NULL, NULL, 2);
INSERT INTO public.planet VALUES (11, 'Proxima d', NULL, NULL, NULL, 2);
INSERT INTO public.planet VALUES (12, 'Proxima e', NULL, NULL, NULL, 2);
INSERT INTO public.planet VALUES (8, 'Neptune', NULL, NULL, NULL, 1);


--
-- Data for Name: star; Type: TABLE DATA; Schema: public; Owner: freecodecamp
--

INSERT INTO public.star VALUES (1, 'Sun', 'Our star', 0, true, 1);
INSERT INTO public.star VALUES (2, 'Rigel Kentaurus', NULL, NULL, NULL, 1);
INSERT INTO public.star VALUES (3, 'Betelgeuse', NULL, NULL, NULL, 1);
INSERT INTO public.star VALUES (4, 'Sirius', NULL, NULL, NULL, 1);
INSERT INTO public.star VALUES (5, 'Jabba', NULL, NULL, NULL, 1);
INSERT INTO public.star VALUES (6, 'Mintaka', NULL, NULL, NULL, 1);


--
-- Name: galaxy_galaxy_id_seq; Type: SEQUENCE SET; Schema: public; Owner: freecodecamp
--

SELECT pg_catalog.setval('public.galaxy_galaxy_id_seq', 6, true);


--
-- Name: moon_moon_id_seq; Type: SEQUENCE SET; Schema: public; Owner: freecodecamp
--

SELECT pg_catalog.setval('public.moon_moon_id_seq', 21, true);


--
-- Name: nebula_nebula_id_seq; Type: SEQUENCE SET; Schema: public; Owner: freecodecamp
--

SELECT pg_catalog.setval('public.nebula_nebula_id_seq', 3, true);


--
-- Name: planet_planet_id_seq; Type: SEQUENCE SET; Schema: public; Owner: freecodecamp
--

SELECT pg_catalog.setval('public.planet_planet_id_seq', 12, true);


--
-- Name: star_star_id_seq; Type: SEQUENCE SET; Schema: public; Owner: freecodecamp
--

SELECT pg_catalog.setval('public.star_star_id_seq', 6, true);


--
-- Name: galaxy galaxy_pkey; Type: CONSTRAINT; Schema: public; Owner: freecodecamp
--

ALTER TABLE ONLY public.galaxy
    ADD CONSTRAINT galaxy_pkey PRIMARY KEY (galaxy_id);


--
-- Name: moon moon_pkey; Type: CONSTRAINT; Schema: public; Owner: freecodecamp
--

ALTER TABLE ONLY public.moon
    ADD CONSTRAINT moon_pkey PRIMARY KEY (moon_id);


--
-- Name: galaxy name_galaxy; Type: CONSTRAINT; Schema: public; Owner: freecodecamp
--

ALTER TABLE ONLY public.galaxy
    ADD CONSTRAINT name_galaxy UNIQUE (name);


--
-- Name: moon name_moon; Type: CONSTRAINT; Schema: public; Owner: freecodecamp
--

ALTER TABLE ONLY public.moon
    ADD CONSTRAINT name_moon UNIQUE (name);


--
-- Name: nebula name_nebula; Type: CONSTRAINT; Schema: public; Owner: freecodecamp
--

ALTER TABLE ONLY public.nebula
    ADD CONSTRAINT name_nebula UNIQUE (name);


--
-- Name: planet name_planet; Type: CONSTRAINT; Schema: public; Owner: freecodecamp
--

ALTER TABLE ONLY public.planet
    ADD CONSTRAINT name_planet UNIQUE (name);


--
-- Name: star name_star; Type: CONSTRAINT; Schema: public; Owner: freecodecamp
--

ALTER TABLE ONLY public.star
    ADD CONSTRAINT name_star UNIQUE (name);


--
-- Name: nebula nebula_pkey; Type: CONSTRAINT; Schema: public; Owner: freecodecamp
--

ALTER TABLE ONLY public.nebula
    ADD CONSTRAINT nebula_pkey PRIMARY KEY (nebula_id);


--
-- Name: planet planet_pkey; Type: CONSTRAINT; Schema: public; Owner: freecodecamp
--

ALTER TABLE ONLY public.planet
    ADD CONSTRAINT planet_pkey PRIMARY KEY (planet_id);


--
-- Name: star star_pkey; Type: CONSTRAINT; Schema: public; Owner: freecodecamp
--

ALTER TABLE ONLY public.star
    ADD CONSTRAINT star_pkey PRIMARY KEY (star_id);


--
-- Name: star galaxy_id; Type: FK CONSTRAINT; Schema: public; Owner: freecodecamp
--

ALTER TABLE ONLY public.star
    ADD CONSTRAINT galaxy_id FOREIGN KEY (galaxy_id) REFERENCES public.galaxy(galaxy_id);


--
-- Name: nebula galaxy_id; Type: FK CONSTRAINT; Schema: public; Owner: freecodecamp
--

ALTER TABLE ONLY public.nebula
    ADD CONSTRAINT galaxy_id FOREIGN KEY (galaxy_id) REFERENCES public.galaxy(galaxy_id);


--
-- Name: moon planet_id; Type: FK CONSTRAINT; Schema: public; Owner: freecodecamp
--

ALTER TABLE ONLY public.moon
    ADD CONSTRAINT planet_id FOREIGN KEY (planet_id) REFERENCES public.planet(planet_id);


--
-- Name: planet star_id; Type: FK CONSTRAINT; Schema: public; Owner: freecodecamp
--

ALTER TABLE ONLY public.planet
    ADD CONSTRAINT star_id FOREIGN KEY (star_id) REFERENCES public.star(star_id);


--
-- PostgreSQL database dump complete
--

